data,loja,produto,categoria,regiao,quantidade,preco_unitario,faturamento,mes
2026-01-05,Loja A,Notebook,Eletrônicos,Sudeste,2,3500,7000,1
2026-01-12,Loja B,Celular,Eletrônicos,Sul,5,2200,11000,1
2026-01-20,Loja C,Tênis,Esportes,Nordeste,8,300,2400,1
2026-02-03,Loja A,Celular,Eletrônicos,Sudeste,4,2200,8800,2
2026-02-14,Loja B,Camiseta,Vestuário,Sul,10,80,800,2
2026-02-25,Loja C,Notebook,Eletrônicos,Nordeste,1,3500,3500,2
2026-03-02,Loja A,Tênis,Esportes,Sudeste,6,300,1800,3
2026-03-15,Loja B,Notebook,Eletrônicos,Sul,2,3500,7000,3
2026-03-28,Loja C,Camiseta,Vestuário,Nordeste,12,80,960,3
2026-04-06,Loja A,Celular,Eletrônicos,Sudeste,3,2200,6600,4
2026-04-18,Loja B,Tênis,Esportes,Sul,7,300,2100,4
2026-04-26,Loja C,Notebook,Eletrônicos,Nordeste,2,3500,7000,4
2026-05-04,Loja A,Notebook,Eletrônicos,Sudeste,3,3500,10500,5
2026-05-16,Loja B,Celular,Eletrônicos,Sul,6,2200,13200,5
2026-05-27,Loja C,Tênis,Esportes,Nordeste,9,300,2700,5
2026-06-08,Loja A,Camiseta,Vestuário,Sudeste,15,80,1200,6
2026-06-19,Loja B,Notebook,Eletrônicos,Sul,3,3500,10500,6
2026-06-28,Loja C,Celular,Eletrônicos,Nordeste,4,2200,8800,6
2026-07-07,Loja A,Tênis,Esportes,Sudeste,10,300,3000,7
2026-07-18,Loja B,Camiseta,Vestuário,Sul,14,80,1120,7
2026-07-29,Loja C,Notebook,Eletrônicos,Nordeste,1,3500,3500,7
2026-08-05,Loja A,Celular,Eletrônicos,Sudeste,5,2200,11000,8
2026-08-17,Loja B,Tênis,Esportes,Sul,11,300,3300,8
2026-08-28,Loja C,Camiseta,Vestuário,Nordeste,13,80,1040,8
2026-09-06,Loja A,Notebook,Eletrônicos,Sudeste,2,3500,7000,9
2026-09-15,Loja B,Celular,Eletrônicos,Sul,7,2200,15400,9
2026-09-27,Loja C,Tênis,Esportes,Nordeste,10,300,3000,9
